ID,Name,Satellite Type,Characteristic Length [m],A/M [m^2/kg],Area [m^2],Mass [kg],Ejection Velocity [m/s],Velocity [m/s],Position [m]
24946,Satellite 1 (v=12.5 km/s),SPACECRAFT,3.809698331863496,0.011399112947613022,11.399112947613022,1000,[0 0 0],[5000 0 0],[6800000 0 0]
22675,Satellite 2 (v=12.5 km/s (negative)),SPACECRAFT,2.8034413490120316,0.012345333491798123,6.172666745899061,500,[0 0 0],[-5000 0 0],[6800100 0 0]
