ID,Name,Satellite Type,Characteristic Length [m],A/M [m^2/kg],Area [m^2],Mass [kg],Ejection Velocity [m/s],Velocity [m/s],Position [m]
24946,Target,SPACECRAFT,3.809698331863496,0.011399112947613022,11.399112947613022,1000,[0 0 0],[0 0 0],[6800100 0 0]
22675,Projectile,SPACECRAFT,0.4965178149921299,0.019362416257330255,0.19362416257330256,10,[0 0 0],[5000 0 0],[6800000 0 0]
